{
  "Produce": 2.032208588957055,
  "Dairy": 1.3880368098159508,
  "Beverages": 0.5751533742331288,
  "Bakery": 0.5214723926380368,
  "Meat": 0.4831288343558282
}