{
  "0": 0.8105263157894738,
  "1": 1.0950998185117968,
  "2": 1.0163339382940109,
  "3": 0.9591651542649728,
  "4": 0.9629764065335753,
  "5": 1.1675136116152451,
  "6": 0.9883847549909256
}